{"cameraMode":{"drawMode":0,"name":"Shaded","section":"Shading Mode"},"sceneLighting":false,"audioPlay":false,"sceneViewState":{"m_AlwaysRefresh":false,"showFog":true,"showSkybox":false,"showFlares":true,"showImageEffects":true,"showParticleSystems":true,"showVisualEffectGraphs":true,"m_FxEnabled":true},"in2DMode":false,"pivot":{"x":-0.958424985408783,"y":1.6865098476409913,"z":0.7297850847244263},"rotation":{"x":-0.008533097803592682,"y":0.9734938144683838,"z":-0.03682495281100273,"w":-0.22557543218135835},"size":2.2276062965393068,"orthographic":false}